id,date,timestamp,level,status,method,host,pathname,event_message,headers,regions,log_type,latency,log_count,logs,auth_user
d59ce132-8b74-4814-bdb3-77b5fd68a968,"""2026-07-07T12:48:16.172Z""",2026-07-07T12:48:16.172000,success,200,HEAD,,/rest-admin/v1/ready,HEAD | 200 | https://vwgtfpksdpzxhvhuwlzl.supabase.co/rest-admin/v1/ready | @supabase-infra/mgmt-api/3f8ae85,{},[],edge,0,null,[],null
28b80f2c-a5a1-4f7a-8d3a-1815868c8a7f,"""2026-07-07T12:48:16.170Z""",2026-07-07T12:48:16.170000,success,200,GET,,/auth/v1/health,GET | 200 | https://vwgtfpksdpzxhvhuwlzl.supabase.co/auth/v1/health | @supabase-infra/mgmt-api/3f8ae85,{},[],edge,0,null,[],null
f4473489-3e44-4de8-9a9b-76bbde5a7cc8,"""2026-07-07T12:48:15.981Z""",2026-07-07T12:48:15.981000,success,00000,,,,"connection authenticated: identity=""postgres"" method=scram-sha-256 (/etc/postgresql/pg_hba_public.conf:3)",{},[],postgres,0,null,[],null
581c69fb-1a2c-4a1f-8fd1-e362e3414991,"""2026-07-07T12:48:15.872Z""",2026-07-07T12:48:15.872000,success,00000,,,,"connection authenticated: identity=""postgres"" method=scram-sha-256 (/etc/postgresql/pg_hba_public.conf:3)",{},[],postgres,0,null,[],null
95a52aac-8359-4c72-b31c-0fa18663ff36,"""2026-07-07T12:48:15.858Z""",2026-07-07T12:48:15.858000,success,00000,,,,connection received: host=2406:da18:96a:8201:ed4f:fac3:befb:b47e port=49520,{},[],postgres,0,null,[],null
395eb2e5-6661-4986-9838-0380ff26686e,"""2026-07-07T12:48:12.877Z""",2026-07-07T12:48:12.877000,success,00000,,,,"connection authorized: user=authenticator database=postgres application_name=PostgREST 14.5 SSL enabled (protocol=TLSv1.3, cipher=TLS_AES_256_GCM_SHA384, bits=256)",{},[],postgres,0,null,[],null
7e595954-55ad-431f-baf0-04bdae34f056,"""2026-07-07T12:48:12.590Z""",2026-07-07T12:48:12.590000,success,200,GET,,/auth/v1/health,GET | 200 | https://vwgtfpksdpzxhvhuwlzl.supabase.co/auth/v1/health | @supabase-infra/mgmt-api/3f8ae85,{},[],edge,0,null,[],null
61aa096e-8ace-42a7-b937-6fcd8944f1df,"""2026-07-07T12:48:12.567Z""",2026-07-07T12:48:12.567000,success,200,GET,,/rest/v1/,GET | 200 | https://vwgtfpksdpzxhvhuwlzl.supabase.co/rest/v1/ | @supabase-infra/mgmt-api/3f8ae85,{},[],edge,0,null,[],null
4dff6ac5-45d6-4bcd-bc69-77f6a8d8c5c1,"""2026-07-07T12:48:07.158Z""",2026-07-07T12:48:07.158000,success,00000,,,,"connection authenticated: identity=""postgres"" method=scram-sha-256 (/etc/postgresql/pg_hba_public.conf:3)",{},[],postgres,0,null,[],null
87260d83-090f-4dbe-8c0d-7b4c197f6cab,"""2026-07-07T12:48:06.440Z""",2026-07-07T12:48:06.440000,success,00000,,,,"connection authenticated: identity=""postgres"" method=scram-sha-256 (/etc/postgresql/pg_hba_public.conf:3)",{},[],postgres,0,null,[],null
dd04f5e8-4520-4ebd-880f-629a9c98db5f,"""2026-07-07T12:48:06.432Z""",2026-07-07T12:48:06.432000,success,00000,,,,"connection authenticated: identity=""postgres"" method=scram-sha-256 (/etc/postgresql/pg_hba_public.conf:3)",{},[],postgres,0,null,[],null
633ab5b1-bce7-4368-8f2c-96b6bbd4bb27,"""2026-07-07T12:48:06.429Z""",2026-07-07T12:48:06.429000,success,00000,,,,"connection authenticated: identity=""postgres"" method=scram-sha-256 (/etc/postgresql/pg_hba_public.conf:3)",{},[],postgres,0,null,[],null
70c6bdea-dba0-4e63-8147-d23136b19309,"""2026-07-07T12:48:06.426Z""",2026-07-07T12:48:06.426000,success,00000,,,,"connection authenticated: identity=""postgres"" method=scram-sha-256 (/etc/postgresql/pg_hba_public.conf:3)",{},[],postgres,0,null,[],null
dfc882b4-efad-47be-8473-377fcc05ac4f,"""2026-07-07T12:48:06.424Z""",2026-07-07T12:48:06.424000,success,00000,,,,"connection authenticated: identity=""postgres"" method=scram-sha-256 (/etc/postgresql/pg_hba_public.conf:3)",{},[],postgres,0,null,[],null
611ed16d-7bde-4223-a846-df9339cf6173,"""2026-07-07T12:48:06.389Z""",2026-07-07T12:48:06.389000,success,200,POST,,/admin/v1/network-bans/retrieve,POST | 200 | https://vwgtfpksdpzxhvhuwlzl.supabase.co/admin/v1/network-bans/retrieve | @supabase-infra/mgmt-api/3f8ae85,{},[],edge,0,null,[],null
91a729e9-8ee2-41e0-848d-af04e24b38a9,"""2026-07-07T12:48:06.333Z""",2026-07-07T12:48:06.333000,success,00000,,,,"connection authenticated: identity=""postgres"" method=scram-sha-256 (/etc/postgresql/pg_hba_public.conf:3)",{},[],postgres,0,null,[],null
d4be4732-ce52-4968-935d-cc2f51db25c6,"""2026-07-07T12:48:06.234Z""",2026-07-07T12:48:06.234000,success,00000,,,,"connection authenticated: identity=""postgres"" method=scram-sha-256 (/etc/postgresql/pg_hba_public.conf:3)",{},[],postgres,0,null,[],null
5a79e2db-672f-4d91-be53-a1be1a3d9b1c,"""2026-07-07T12:48:05.856Z""",2026-07-07T12:48:05.856000,success,00000,,,,"statement: -- pg_trgm indexes for jobs list global search (job number, title, description, schedule address).
-- Apply via Supabase SQL editor or migration pipeline.

CREATE EXTENSION IF NOT EXISTS pg_trgm;

CREATE INDEX IF NOT EXISTS idx_jobs_job_number_trgm
  ON public.jobs USING gin (job_number gin_trgm_ops);

CREATE INDEX IF NOT EXISTS idx_jobs_title_trgm
  ON public.jobs USING gin (title gin_trgm_ops);

CREATE INDEX IF NOT EXISTS idx_jobs_description_trgm
  ON public.jobs USING gin (description gin_trgm_ops);

CREATE INDEX IF NOT EXISTS idx_job_schedule_address_trgm
  ON public.job_schedule USING gin (address gin_trgm_ops);


-- source: dashboard
-- user: session:c8c792c6-f9d0-4b4b-85a1-d6e15e54a5d2
-- date: 2026-07-07T12:48:05.832Z",{},[],postgres,0,null,[],null
e7255a8b-fb5a-445b-a624-ecf70215ecda,"""2026-07-07T12:48:05.853Z""",2026-07-07T12:48:05.853000,success,00000,,,,"connection authenticated: identity=""postgres"" method=scram-sha-256 (/etc/postgresql/pg_hba_public.conf:3)",{},[],postgres,0,null,[],null
7a28075e-fa8a-459c-af27-9ed12aa00abc,"""2026-07-07T12:48:05.839Z""",2026-07-07T12:48:05.839000,success,00000,,,,connection received: host=2406:da18:96a:8201:711f:433a:9b2f:6e95 port=49070,{},[],postgres,0,null,[],null
90d30f23-fa6f-4b54-beae-93126f25ecc2,"""2026-07-07T12:47:56.165Z""",2026-07-07T12:47:56.165000,success,200,POST,,/rest/v1/settings,POST | 200 | https://vwgtfpksdpzxhvhuwlzl.supabase.co/rest/v1/settings?on_conflict=id | node,{},[],edge,0,null,[],null
603ad434-4f4a-4248-9248-ee3719859ec2,"""2026-07-07T12:47:55.920Z""",2026-07-07T12:47:55.920000,success,200,GET,,/rest/v1/settings,GET | 200 | https://vwgtfpksdpzxhvhuwlzl.supabase.co/rest/v1/settings?select=value&id=eq.jobStatuses | node,{},[],edge,0,null,[],null
7047975c-fa01-4715-a66e-5fd3fa0a9b45,"""2026-07-07T12:47:50.823Z""",2026-07-07T12:47:50.823000,success,00000,,,,"connection authenticated: identity=""postgres"" method=scram-sha-256 (/etc/postgresql/pg_hba_public.conf:3)",{},[],postgres,0,null,[],null
e71420dd-b5ea-4ce4-a334-fcaa08a5fc43,"""2026-07-07T12:47:50.812Z""",2026-07-07T12:47:50.812000,success,00000,,,,"connection authenticated: identity=""postgres"" method=scram-sha-256 (/etc/postgresql/pg_hba_public.conf:3)",{},[],postgres,0,null,[],null
3dcba9bf-07e4-45b3-bb64-7cd7ceebc086,"""2026-07-07T12:47:50.787Z""",2026-07-07T12:47:50.787000,success,00000,,,,"connection authenticated: identity=""postgres"" method=scram-sha-256 (/etc/postgresql/pg_hba_public.conf:3)",{},[],postgres,0,null,[],null
684f5e50-466c-4edd-b8d4-b5016f3c6137,"""2026-07-07T12:47:50.758Z""",2026-07-07T12:47:50.758000,success,00000,,,,"connection authenticated: identity=""postgres"" method=scram-sha-256 (/etc/postgresql/pg_hba_public.conf:3)",{},[],postgres,0,null,[],null
360b56e1-01bf-4baa-bd8b-794ca4b63e5e,"""2026-07-07T12:47:50.723Z""",2026-07-07T12:47:50.723000,success,200,POST,,/admin/v1/network-bans/retrieve,POST | 200 | https://vwgtfpksdpzxhvhuwlzl.supabase.co/admin/v1/network-bans/retrieve | @supabase-infra/mgmt-api/3f8ae85,{},[],edge,0,null,[],null
ddffd6f6-e4bb-495b-9483-6b2791e8e470,"""2026-07-07T12:47:50.711Z""",2026-07-07T12:47:50.711000,success,00000,,,,"connection authenticated: identity=""postgres"" method=scram-sha-256 (/etc/postgresql/pg_hba_public.conf:3)",{},[],postgres,0,null,[],null
a39bea0e-d0a2-4610-9928-902882d2e2ab,"""2026-07-07T12:47:50.690Z""",2026-07-07T12:47:50.690000,success,00000,,,,"connection authenticated: identity=""postgres"" method=scram-sha-256 (/etc/postgresql/pg_hba_public.conf:3)",{},[],postgres,0,null,[],null
2f4e50c8-e09c-475a-9825-fb8e6948c774,"""2026-07-07T12:47:50.679Z""",2026-07-07T12:47:50.679000,success,00000,,,,"connection authenticated: identity=""postgres"" method=scram-sha-256 (/etc/postgresql/pg_hba_public.conf:3)",{},[],postgres,0,null,[],null
4c98be40-f83f-4f73-9556-78cd3156fda9,"""2026-07-07T12:47:50.668Z""",2026-07-07T12:47:50.668000,success,00000,,,,"connection authenticated: identity=""postgres"" method=scram-sha-256 (/etc/postgresql/pg_hba_public.conf:3)",{},[],postgres,0,null,[],null
9b8d8dab-f12d-46a2-87e6-38c3bf116b7a,"""2026-07-07T12:47:50.310Z""",2026-07-07T12:47:50.310000,success,00000,,,,"statement: -- pg_trgm indexes for leads + sap_lead address search (global-masterlist).
-- Apply via Supabase SQL editor or migration pipeline.

CREATE EXTENSION IF NOT EXISTS pg_trgm;

CREATE INDEX IF NOT EXISTS idx_leads_full_name_trgm
  ON public.leads USING gin (full_name gin_trgm_ops);

CREATE INDEX IF NOT EXISTS idx_leads_email_trgm
  ON public.leads USING gin (email gin_trgm_ops);

CREATE INDEX IF NOT EXISTS idx_leads_handphone_trgm
  ON public.leads USING gin (handphone gin_trgm_ops);

CREATE INDEX IF NOT EXISTS idx_leads_address_trgm
  ON public.leads USING gin (address gin_trgm_ops);

CREATE INDEX IF NOT EXISTS idx_leads_block_trgm
  ON public.leads USING gin (block gin_trgm_ops);

CREATE INDEX IF NOT EXISTS idx_leads_unit_trgm
  ON public.leads USING gin (unit gin_trgm_ops);

CREATE INDEX IF NOT EXISTS idx_leads_building_trgm
  ON public.leads USING gin (building gin_trgm_ops);

CREATE INDEX IF NOT EXISTS idx_leads_street_trgm
  ON public.leads USING gin (street gin_trgm_ops);

CREATE INDEX IF NOT EXISTS idx_leads_postcode_trgm
  ON public.leads USING gin (postcode gin_trgm_ops);

CREATE INDEX IF NOT EXISTS idx_sap_lead_code_trgm
  ON public.sap_lead USING gin (lead_code gin_trgm_ops);

CREATE INDEX IF NOT EXISTS idx_sap_lead_name_trgm
  ON public.sap_lead USING gin (lead_name gin_trgm_ops);

CREATE INDEX IF NOT EXISTS idx_sap_lead_phone_trgm
  ON public.sap_lead USING gin (phone_number gin_trgm_ops);

CREATE INDEX IF NOT EXISTS idx_sap_lead_email_trgm
  ON public.sap_lead USING gin (email gin_trgm_ops);

CREATE INDEX IF NOT EXISTS idx_sap_lead_address_trgm
  ON public.sap_lead USING gin (lead_address gin_trgm_ops);


-- source: dashboard
-- user: session:c8c792c6-f9d0-4b4b-85a1-d6e15e54a5d2
-- date: 2026-07-07T12:47:50.172Z",{},[],postgres,0,null,[],null
a526f5a7-38a0-4e86-a687-5267371ad220,"""2026-07-07T12:47:50.256Z""",2026-07-07T12:47:50.256000,success,00000,,,,"connection authenticated: identity=""postgres"" method=scram-sha-256 (/etc/postgresql/pg_hba_public.conf:3)",{},[],postgres,0,null,[],null
dd24b7bf-0767-4eb6-9cae-6517cb1997aa,"""2026-07-07T12:47:50.190Z""",2026-07-07T12:47:50.190000,success,00000,,,,connection received: host=2406:da18:96a:8200:d4b2:6031:2d9b:714 port=44710,{},[],postgres,0,null,[],null
bf076ee1-cc62-4515-8fa6-3af83c2d1ab3,"""2026-07-07T12:47:42.877Z""",2026-07-07T12:47:42.877000,success,200,GET,,/rest/v1/calendar_events,GET | 200 | https://vwgtfpksdpzxhvhuwlzl.supabase.co/rest/v1/calendar_events?select=id%2Cscope%2Ctechnician_id%2Cevent_type%2Ctitle%2Cstart_date%2Cend_date%2Call_day%2Cstart_time%2Cend_time&deleted_at=is.null&start_date=lte.2026-07-13&end_date=gte.2026-07-05&order=start_date.asc | node,{},[],edge,0,null,[],null
552a99c2-443e-4757-a2f2-9d53160ee755,"""2026-07-07T12:47:42.727Z""",2026-07-07T12:47:42.727000,success,200,GET,,/rest/v1/customer_location,GET | 200 | https://vwgtfpksdpzxhvhuwlzl.supabase.co/rest/v1/customer_location?select=id%2Ccustomer_id%2Csite_id%2Cbuilding%2Cstreet%2Cblock%2Ccity%2Ccountry_name%2Czip_code%2Caddress%2Caddress_type%2Clocation_id&customer_id=in.%28ee29add8-2607-422d-bd54-87612fb765e6%2C2f68975d-39c6-4d3f-9ac7-90c7568a98f4%2Cfc5da34d-30f6-492f-9c61-adcd14230496%2C13af73dd-fe3b-4006-b07c-88a683cfd4dd%2C54ff5a32-56b4-4391-9966-278258daba61%2C6037b850-a09f-4270-a9c7-2a0b4b812c0b%2Ca34eea5f-2b90-4ecc-8eb7-07b16f492b48%2C29a3a71b-073d-4cdf-803c-fc146ca4c06a%2C811d8bca-ebb5-4b78-800f-61d953b06034%2C9eb65a17-bccc-4a75-b951-f63c1daf6251%2C59c61a46-8caa-4e6d-aef0-480ef1653e11%2C5147f83e-598b-419d-8e45-74c42681d674%2C9538e003-446b-4ba8-a90f-554ba526416d%2C17cba151-2f4d-437f-ac2c-b6d0d48b89a3%2C0ce37eee-8553-4362-bb4c-29dc3b9d8c51%2Cdcdb96b8-d65b-4eca-8a63-860ea7598611%2Cc1246206-9810-4e1b-ae9e-9474e448245f%2Cff01a638-40f8-467b-a010-f0acfa7a994f%2Cb94ea83e-4481-4f7e-aa99-e9a77f8004c6%2Cf43b3faa-5c35-425d-b98f-3e981b4e5334%2Cc... | node,{},[],edge,0,null,[],null
c4da83bb-654f-42fb-80ee-60bbe52caf5d,"""2026-07-07T12:47:42.721Z""",2026-07-07T12:47:42.721000,success,200,GET,,/rest/v1/customer_location,GET | 200 | https://vwgtfpksdpzxhvhuwlzl.supabase.co/rest/v1/customer_location?select=id%2Ccustomer_id%2Csite_id%2Cbuilding%2Cstreet%2Cblock%2Ccity%2Ccountry_name%2Czip_code%2Caddress%2Caddress_type%2Clocation_id&customer_id=in.%28f2ecf187-80bd-4d05-aa11-7c0613cd98a7%2Cb8f3bb48-c0d0-4cbd-9a13-0697176047fd%2Ca9d6a35a-1631-4e18-b4b5-f3862cce459d%2Cdc6e2991-82a4-4337-9a6a-5545289377e0%2C6c9be46c-406b-456a-8126-032ec7e93eef%2C7f3d4057-cdb5-488d-8186-3554d98ab386%2C1b226a92-9f6e-4c86-8679-a365e5cbc683%2Cadd83af8-7092-4c74-9372-9f158edf1251%2C807fe815-bfd1-4e39-bb34-f44cd047dec7%2C160f8731-dcdd-4f2a-bd43-3dac71486297%2Cf77c650d-a2db-48cc-b201-4b6c3091c902%2C9aff1236-0b5b-441b-8a8f-97c506c3eb4a%2C2cba6939-b074-4344-b626-7d8028c5c8a9%2Ca357bf4d-186d-40f7-a205-a9dea68129ad%2C921c89ac-1544-49db-9a1a-72da9d66b781%2Cff2890d8-d202-4177-af46-4a473cc0ba15%2C0badb0db-28bd-4536-8695-404aadb4b4d3%2C12e3f566-f930-4e68-9a51-bdfd53c0d9c0%2Cef4e5b54-81ef-49b7-8816-630fa208fe87%2Cd45ad213-d0e3-4ab8-b53f-c7ba7da1899e%2Cc... | node,{},[],edge,0,null,[],null
bcdba039-458f-407c-acea-3281a994f8e2,"""2026-07-07T12:47:42.720Z""",2026-07-07T12:47:42.720000,success,200,GET,,/rest/v1/customer_location,GET | 200 | https://vwgtfpksdpzxhvhuwlzl.supabase.co/rest/v1/customer_location?select=id%2Ccustomer_id%2Csite_id%2Cbuilding%2Cstreet%2Cblock%2Ccity%2Ccountry_name%2Czip_code%2Caddress%2Caddress_type%2Clocation_id&customer_id=in.%28191c5c25-6932-4f91-913b-b4c8283d6872%2C1974bc02-cf6f-488b-9038-f0676e023529%2Cd2a9a59a-6ec4-41d0-99e0-51ed5bc8d7ca%2C01a24d8c-af7e-450d-a6be-c7e1d6d83831%2Ca864c168-b128-42f9-bba1-06174a670d9c%2C64e7ebb6-6c8a-437b-9bee-6cf2f61e8574%2C2a5b8c24-2451-4d97-9a7e-e1078d70dbee%2C10d23ff9-8578-483e-a28a-fec900041d24%2C5dbc1b30-98ad-4a77-94a8-5ea17f7e3b7e%2Cb1cbe626-21fa-43bf-9475-273b22351b61%2C04e2e0cf-fee9-48eb-8be6-5e14075cc436%2C9eb53fa9-64e4-4bf8-818e-695ff3ea2f2c%2C841f4c24-0a9a-4ddb-b940-fc5ac8b82cd8%2Ce60069ac-fc9c-4882-867a-7741449ac37c%2C4e129ef3-a311-4650-9337-eebca7887d20%2C79547107-cae2-43d0-9fde-5bebb998bb0d%2Cb320498f-7d93-4564-a75a-0a8ac0305091%2Cb1c33368-6f60-4cf8-a0e7-ac25c67fdf42%2C0047fd25-bee3-4b05-a88d-fb0acaf5ff8e%2Cedbd0347-7818-4e93-8197-c5b9146fa4dc%2Ca... | node,{},[],edge,0,null,[],null
471e53b5-d90c-41de-82cc-cb72241be7b7,"""2026-07-07T12:47:42.720Z""",2026-07-07T12:47:42.720000,success,200,GET,,/rest/v1/customer_location,GET | 200 | https://vwgtfpksdpzxhvhuwlzl.supabase.co/rest/v1/customer_location?select=id%2Ccustomer_id%2Csite_id%2Cbuilding%2Cstreet%2Cblock%2Ccity%2Ccountry_name%2Czip_code%2Caddress%2Caddress_type%2Clocation_id&customer_id=in.%28eaff2bf1-a891-479d-8e8a-65f4f1f463f1%2C641acb03-641b-4c4f-b382-0f486b0d3115%2C779af141-6a9a-481b-a4ff-0703f5cbfa7e%2C8b75ab2a-4bed-4c2a-b306-59ab28992123%2C024bcf9b-13e9-439c-8aae-cd234f759abd%2C124934a6-44fa-499a-bd90-4e9e72960c7a%2C02cfdad8-1fcb-4242-8be8-3eeeaed29db8%2C4ce6cbd0-d890-47cb-9213-bb689debb1d7%2C20d6a927-873c-447e-a937-ec977e75ff2c%2Cea4db0f2-66f3-4f4c-a533-1f2d8732c3a6%2C40741a38-d55d-45ba-89a2-de737809d5dd%2C8373517c-6d19-4c81-a8f1-4cd8e8413fa1%2C6a9515e8-f2c7-490a-9efa-5cb5160474b2%2C1707e259-81f5-4d2c-a2a3-0a8fbb0b1eb3%29 | node,{},[],edge,0,null,[],null
6dbf1087-aefb-48ed-840a-c9683bbb1549,"""2026-07-07T12:47:42.599Z""",2026-07-07T12:47:42.599000,success,00000,,,,"connection authorized: user=authenticator database=postgres application_name=PostgREST 14.5 SSL enabled (protocol=TLSv1.3, cipher=TLS_AES_256_GCM_SHA384, bits=256)",{},[],postgres,0,null,[],null
9cdf54f1-efaa-4f34-8369-dcfe5e1331c4,"""2026-07-07T12:47:42.598Z""",2026-07-07T12:47:42.598000,success,00000,,,,"connection authorized: user=authenticator database=postgres application_name=PostgREST 14.5 SSL enabled (protocol=TLSv1.3, cipher=TLS_AES_256_GCM_SHA384, bits=256)",{},[],postgres,0,null,[],null
dcb89d04-4f85-46df-9ad6-b30e4b65f40e,"""2026-07-07T12:47:42.472Z""",2026-07-07T12:47:42.472000,success,200,GET,,/rest/v1/technician_jobs,GET | 200 | https://vwgtfpksdpzxhvhuwlzl.supabase.co/rest/v1/technician_jobs?select=id%2Cjob_id%2Ctechnician_id%2Cassignment_status%2Cstarted_at%2Ccompleted_at%2Cupdated_at%2Cdeleted_at%2Ctechnician%3Atechnician_id%28id%2Cfull_name%2Cemail%2Cuser_id%29&job_id=in.%2880d664b9-d582-42f6-a506-e8f9add7eaa5%2Cfb2a6447-775e-48ea-afa2-5feb11f88696%2C337cf146-32f0-4b36-a256-2b0172ddf962%2C4c4d2c39-e475-44a1-b520-1f239d6c55e1%2C379789c2-b7ad-4bf9-98e5-804796218f92%2C45ddae99-4170-47a4-bc41-34912f0ef046%2C38ad6a0c-7e26-49e9-aa27-d5ab46d1abb4%2Cb9b84401-75aa-49e2-a4a6-9511b9276834%2C9283fc4e-b5de-4d1c-9f27-4dcff4c5b952%2C013cbde5-7ee5-4019-b02b-edd0f381aa09%2C82b9fe21-1eb2-472a-a87d-405607bc6101%2Cb82c429d-8979-457e-b69e-5bda8de1487e%2C0b7be8fa-9c31-410a-bc52-e7477a611866%2C49e92ab9-f9ab-4a13-a000-caf17220b15f%2C550880d4-37db-4962-92f6-5ed6fe42a451%2C004c7b9f-1ad1-4f89-9b3e-63f98bccf5be%2C116ed5a4-54b5-4338-9356-92c32013d613%2C25c67840-3f6e-4708-b4fc-b8d72fd14a1c%2C9016294f-e23b-4d66-9681-44fa5655f5d8%2C06248... | node,{},[],edge,0,null,[],null
3df89f1f-41bb-4599-b16c-933d701482c4,"""2026-07-07T12:47:42.445Z""",2026-07-07T12:47:42.445000,success,200,GET,,/rest/v1/job_schedule,GET | 200 | https://vwgtfpksdpzxhvhuwlzl.supabase.co/rest/v1/job_schedule?select=id%2Cjob_id%2Cjsdate%2Cjstime%2Cjedate%2Cjetime%2Cdur%2Cdur_type%2Caddress%2Ccreated_at%2Cupdated_at&job_id=in.%2893632635-d72b-4cce-bfa5-8520637c80f3%2C39ebd656-4dbf-4934-a33e-afd2cb6e78a2%2Cb1db33d9-ece4-436e-8594-c850f5894f4f%2Cdd89a091-890c-45d0-82a7-eea0e4576631%2Ca73832ca-a5d1-4132-8238-8de6f6ed21f3%2Cd3c2bdd9-6deb-488b-998e-49dc0908451b%2Cc8f29efc-b908-451f-8e42-a3f86199b017%2Cb7ed8995-f563-4acf-8dce-b5a682d6a409%2C54890371-4044-4899-9a7e-a6cf5154ceae%2C8fca537d-e49b-4c42-99b0-908217ea80ce%2Cd37ce0ac-b27a-4329-adab-a30a2f3321e7%2Cad3a504f-f157-4a7d-afef-e951b8b6d9fc%2C7ea9d95f-b86b-4315-b548-b0b3384f8f10%2C6f75c9da-dac7-4d97-95c2-f81925d8204e%2C88890787-387e-4ea7-b477-4610b08ab0a9%2Cb45338db-1ab8-403b-bdc5-7bb0f99fa4d2%2C0c53386c-012b-41c6-8c9c-6d086bed4f53%2C82670ab9-0b40-48f7-bd85-5c66a5f617ad%2Cfbf04e4c-8971-4f9e-b3be-d9a0638d1c55%2C76f8bb6f-307a-4d99-938e-0689e2240e82%2Cc3147e3d-ef96-40c0-b76d-4d968fbbef54%... | node,{},[],edge,0,null,[],null
1603397e-5ca8-492e-b853-050f3bda3b69,"""2026-07-07T12:47:42.444Z""",2026-07-07T12:47:42.444000,success,200,GET,,/rest/v1/technician_jobs,GET | 200 | https://vwgtfpksdpzxhvhuwlzl.supabase.co/rest/v1/technician_jobs?select=id%2Cjob_id%2Ctechnician_id%2Cassignment_status%2Cstarted_at%2Ccompleted_at%2Cupdated_at%2Cdeleted_at%2Ctechnician%3Atechnician_id%28id%2Cfull_name%2Cemail%2Cuser_id%29&job_id=in.%2893632635-d72b-4cce-bfa5-8520637c80f3%2C39ebd656-4dbf-4934-a33e-afd2cb6e78a2%2Cb1db33d9-ece4-436e-8594-c850f5894f4f%2Cdd89a091-890c-45d0-82a7-eea0e4576631%2Ca73832ca-a5d1-4132-8238-8de6f6ed21f3%2Cd3c2bdd9-6deb-488b-998e-49dc0908451b%2Cc8f29efc-b908-451f-8e42-a3f86199b017%2Cb7ed8995-f563-4acf-8dce-b5a682d6a409%2C54890371-4044-4899-9a7e-a6cf5154ceae%2C8fca537d-e49b-4c42-99b0-908217ea80ce%2Cd37ce0ac-b27a-4329-adab-a30a2f3321e7%2Cad3a504f-f157-4a7d-afef-e951b8b6d9fc%2C7ea9d95f-b86b-4315-b548-b0b3384f8f10%2C6f75c9da-dac7-4d97-95c2-f81925d8204e%2C88890787-387e-4ea7-b477-4610b08ab0a9%2Cb45338db-1ab8-403b-bdc5-7bb0f99fa4d2%2C0c53386c-012b-41c6-8c9c-6d086bed4f53%2C82670ab9-0b40-48f7-bd85-5c66a5f617ad%2Cfbf04e4c-8971-4f9e-b3be-d9a0638d1c55%2C76f8b... | node,{},[],edge,0,null,[],null
58149c84-a255-45e2-9d8b-6055e0392800,"""2026-07-07T12:47:42.444Z""",2026-07-07T12:47:42.444000,success,200,GET,,/rest/v1/technician_jobs,GET | 200 | https://vwgtfpksdpzxhvhuwlzl.supabase.co/rest/v1/technician_jobs?select=id%2Cjob_id%2Ctechnician_id%2Cassignment_status%2Cstarted_at%2Ccompleted_at%2Cupdated_at%2Cdeleted_at%2Ctechnician%3Atechnician_id%28id%2Cfull_name%2Cemail%2Cuser_id%29&job_id=in.%282cdf9c14-07c9-42fb-947c-3b94108a5303%2Cb107b845-f7e0-44c1-a406-32e6958a016e%2C206c28f7-5c8e-4e75-9642-6af453c4ce44%2Ca1471c49-daed-4a80-808a-5ae51d650b8a%2Cb9e74881-2fc6-47ec-aa5b-3e4a901253ad%2C1cd6281b-b1b4-4077-974d-541ee1fda374%2C7cedbaa1-3dc4-4809-9757-a9ca315c7c03%2C5891d8c7-41b6-4bee-a916-23bc0fc8c140%2C4695c59d-dea4-4a80-819c-1034d2f0bbf4%2C8b673f06-7e44-4d9c-96cc-7c78554da7f8%2C38b7139a-6a8b-40d3-bd7a-d7ea22ab3132%2C83608d81-301e-4322-82b5-3066e244e50a%2C5a0e7836-9898-446d-ac3b-61926ab802dc%2Ce16b0a60-2dee-4b05-866c-06ee99d8f2fd%2C5f72f592-7f59-4f57-8729-e60732cf737a%2C34b4bbf8-a9ec-4f10-84f6-a03e1ac34a60%2Cbae355fd-1d57-4913-9b09-88ddc730966b%2C759dd285-e901-4110-97fd-62b464ca0208%2C9d4fc6dd-966c-413f-9c84-203002403bf3%2C6dfc7... | node,{},[],edge,0,null,[],null
90ff02ec-6521-4182-81c1-807df0068410,"""2026-07-07T12:47:42.444Z""",2026-07-07T12:47:42.444000,success,200,GET,,/rest/v1/job_schedule,GET | 200 | https://vwgtfpksdpzxhvhuwlzl.supabase.co/rest/v1/job_schedule?select=id%2Cjob_id%2Cjsdate%2Cjstime%2Cjedate%2Cjetime%2Cdur%2Cdur_type%2Caddress%2Ccreated_at%2Cupdated_at&job_id=in.%2880d664b9-d582-42f6-a506-e8f9add7eaa5%2Cfb2a6447-775e-48ea-afa2-5feb11f88696%2C337cf146-32f0-4b36-a256-2b0172ddf962%2C4c4d2c39-e475-44a1-b520-1f239d6c55e1%2C379789c2-b7ad-4bf9-98e5-804796218f92%2C45ddae99-4170-47a4-bc41-34912f0ef046%2C38ad6a0c-7e26-49e9-aa27-d5ab46d1abb4%2Cb9b84401-75aa-49e2-a4a6-9511b9276834%2C9283fc4e-b5de-4d1c-9f27-4dcff4c5b952%2C013cbde5-7ee5-4019-b02b-edd0f381aa09%2C82b9fe21-1eb2-472a-a87d-405607bc6101%2Cb82c429d-8979-457e-b69e-5bda8de1487e%2C0b7be8fa-9c31-410a-bc52-e7477a611866%2C49e92ab9-f9ab-4a13-a000-caf17220b15f%2C550880d4-37db-4962-92f6-5ed6fe42a451%2C004c7b9f-1ad1-4f89-9b3e-63f98bccf5be%2C116ed5a4-54b5-4338-9356-92c32013d613%2C25c67840-3f6e-4708-b4fc-b8d72fd14a1c%2C9016294f-e23b-4d66-9681-44fa5655f5d8%2C062489a3-af55-4e6a-80a7-ab35157d471e%2C958891fb-d4b9-4ef1-ac5f-238318ab3118%... | node,{},[],edge,0,null,[],null
2128ac5e-7267-46e9-8649-c020cf1f76a0,"""2026-07-07T12:47:42.443Z""",2026-07-07T12:47:42.443000,success,200,GET,,/rest/v1/job_schedule,GET | 200 | https://vwgtfpksdpzxhvhuwlzl.supabase.co/rest/v1/job_schedule?select=id%2Cjob_id%2Cjsdate%2Cjstime%2Cjedate%2Cjetime%2Cdur%2Cdur_type%2Caddress%2Ccreated_at%2Cupdated_at&job_id=in.%282cdf9c14-07c9-42fb-947c-3b94108a5303%2Cb107b845-f7e0-44c1-a406-32e6958a016e%2C206c28f7-5c8e-4e75-9642-6af453c4ce44%2Ca1471c49-daed-4a80-808a-5ae51d650b8a%2Cb9e74881-2fc6-47ec-aa5b-3e4a901253ad%2C1cd6281b-b1b4-4077-974d-541ee1fda374%2C7cedbaa1-3dc4-4809-9757-a9ca315c7c03%2C5891d8c7-41b6-4bee-a916-23bc0fc8c140%2C4695c59d-dea4-4a80-819c-1034d2f0bbf4%2C8b673f06-7e44-4d9c-96cc-7c78554da7f8%2C38b7139a-6a8b-40d3-bd7a-d7ea22ab3132%2C83608d81-301e-4322-82b5-3066e244e50a%2C5a0e7836-9898-446d-ac3b-61926ab802dc%2Ce16b0a60-2dee-4b05-866c-06ee99d8f2fd%2C5f72f592-7f59-4f57-8729-e60732cf737a%2C34b4bbf8-a9ec-4f10-84f6-a03e1ac34a60%2Cbae355fd-1d57-4913-9b09-88ddc730966b%2C759dd285-e901-4110-97fd-62b464ca0208%2C9d4fc6dd-966c-413f-9c84-203002403bf3%2C6dfc7b96-bb0c-4614-90f8-b8a62d0f2187%2C9ba31397-4280-43c8-b15e-113230e86912%... | node,{},[],edge,0,null,[],null
9355f114-f90f-44b6-a5bb-427dd46c71d5,"""2026-07-07T12:47:42.442Z""",2026-07-07T12:47:42.442000,success,200,GET,,/rest/v1/job_schedule,GET | 200 | https://vwgtfpksdpzxhvhuwlzl.supabase.co/rest/v1/job_schedule?select=id%2Cjob_id%2Cjsdate%2Cjstime%2Cjedate%2Cjetime%2Cdur%2Cdur_type%2Caddress%2Ccreated_at%2Cupdated_at&job_id=in.%28a6ffc464-054c-437c-bb2e-0188b3300083%2Cb720174b-f2dc-4fae-b71f-d612319ba275%2C6f51b167-a634-4bc5-805c-47fc9fd6e906%2C2f7cc012-2ab7-41b2-b7a6-9cfa8e777526%2C5ef5aea5-b6f2-4818-afee-25f550c6a7cf%2Cf8e4115c-0902-46a6-bd73-7310ff6a240c%2Cd6fce907-65a0-466b-9cdb-d184b0f935ee%2Cae4c7db7-b9c7-4033-9014-62828a732366%2C299ca43a-ad1d-47a0-9478-3fba3cdadcdc%2C7d50145d-a689-46d7-814e-b09ccffb0329%2C0f6cce5d-c730-4969-98f8-bd2fa71f424a%2C85eca2c0-e09c-4b46-b0cf-049e56f8c4a5%2C16588aff-f705-4f34-9f35-e51164e9f47e%2C1fa45641-f729-423e-be58-2396fe6617dd%2Cb7a643e6-a1da-4cd1-9743-9d93ca17c494%2Cefc7f2dd-1968-4211-a575-eaa52fde5b8e%2C2d32202d-f060-446a-916d-2a18e46fc54d%2Cd5ccbb66-b211-4180-9614-ca6daa2cc2e2%2Cdccfcb24-989e-4d73-9c10-ab16ce944f23%2Cdee7a344-0607-4c7e-9da8-323e7ec9cb02%2C63d42ce6-cdbb-4029-ba24-1e27f11210b0%... | node,{},[],edge,0,null,[],null
8a49bf1b-ed56-4d47-9586-83c187c51224,"""2026-07-07T12:47:42.441Z""",2026-07-07T12:47:42.441000,success,200,GET,,/rest/v1/technician_jobs,GET | 200 | https://vwgtfpksdpzxhvhuwlzl.supabase.co/rest/v1/technician_jobs?select=id%2Cjob_id%2Ctechnician_id%2Cassignment_status%2Cstarted_at%2Ccompleted_at%2Cupdated_at%2Cdeleted_at%2Ctechnician%3Atechnician_id%28id%2Cfull_name%2Cemail%2Cuser_id%29&job_id=in.%28a6ffc464-054c-437c-bb2e-0188b3300083%2Cb720174b-f2dc-4fae-b71f-d612319ba275%2C6f51b167-a634-4bc5-805c-47fc9fd6e906%2C2f7cc012-2ab7-41b2-b7a6-9cfa8e777526%2C5ef5aea5-b6f2-4818-afee-25f550c6a7cf%2Cf8e4115c-0902-46a6-bd73-7310ff6a240c%2Cd6fce907-65a0-466b-9cdb-d184b0f935ee%2Cae4c7db7-b9c7-4033-9014-62828a732366%2C299ca43a-ad1d-47a0-9478-3fba3cdadcdc%2C7d50145d-a689-46d7-814e-b09ccffb0329%2C0f6cce5d-c730-4969-98f8-bd2fa71f424a%2C85eca2c0-e09c-4b46-b0cf-049e56f8c4a5%2C16588aff-f705-4f34-9f35-e51164e9f47e%2C1fa45641-f729-423e-be58-2396fe6617dd%2Cb7a643e6-a1da-4cd1-9743-9d93ca17c494%2Cefc7f2dd-1968-4211-a575-eaa52fde5b8e%2C2d32202d-f060-446a-916d-2a18e46fc54d%2Cd5ccbb66-b211-4180-9614-ca6daa2cc2e2%2Cdccfcb24-989e-4d73-9c10-ab16ce944f23%2Cdee7a... | node,{},[],edge,0,null,[],null
38783f47-8045-4b33-9f13-8475b3bbdc2e,"""2026-07-07T12:47:42.430Z""",2026-07-07T12:47:42.430000,success,206,HEAD,,/rest/v1/customer,HEAD | 206 | https://vwgtfpksdpzxhvhuwlzl.supabase.co/rest/v1/customer?select=customer_code&deleted_at=is.null&customer_code=not.ilike.CP%25 | node,{},[],edge,0,null,[],null
cc25ece6-b152-495e-b196-1cf76b88695e,"""2026-07-07T12:47:42.101Z""",2026-07-07T12:47:42.101000,success,200,POST,,/rest/v1/rpc/customer_location_country_stats,POST | 200 | https://vwgtfpksdpzxhvhuwlzl.supabase.co/rest/v1/rpc/customer_location_country_stats | node,{},[],edge,0,null,[],null
46e424e7-4840-433e-a8b0-e1580942cbab,"""2026-07-07T12:47:41.975Z""",2026-07-07T12:47:41.975000,success,200,GET,,/rest/v1/jobs,GET | 200 | https://vwgtfpksdpzxhvhuwlzl.supabase.co/rest/v1/jobs?select=id%2Ctitle%2Cjob_number%2Cdescription%2Cstatus%2Ccreated_at%2Cupdated_at%2Cscheduled_start%2Cscheduled_end%2Ccustomer_id%2Clocation_id%2Clocation%3Alocation_id%28id%2Clocation_name%29%2Ccustomer%3Acustomer_id%28id%2Ccustomer_name%29%2Cservice_call%3Aservice_call_id%28call_number%29%2Csales_order%3Asales_order_id%28document_number%29&deleted_at=is.null&scheduled_start=not.is.null&scheduled_start=gte.2026-07-04T16%3A00%3A00.000Z&scheduled_start=lte.2026-07-13T15%3A59%3A59.999Z | node,{},[],edge,0,null,[],null
e545cbf2-8689-40ec-b8e6-6d8b2fa36368,"""2026-07-07T12:47:41.974Z""",2026-07-07T12:47:41.974000,success,200,GET,,/rest/v1/jobs,GET | 200 | https://vwgtfpksdpzxhvhuwlzl.supabase.co/rest/v1/jobs?select=id%2Ctitle%2Cjob_number%2Cdescription%2Cstatus%2Ccreated_at%2Cupdated_at%2Cscheduled_start%2Cscheduled_end%2Ccustomer_id%2Clocation_id%2Clocation%3Alocation_id%28id%2Clocation_name%29%2Ccustomer%3Acustomer_id%28id%2Ccustomer_name%29%2Cservice_call%3Aservice_call_id%28call_number%29%2Csales_order%3Asales_order_id%28document_number%29&deleted_at=is.null&scheduled_start=not.is.null&scheduled_start=lt.2026-07-04T16%3A00%3A00.000Z&scheduled_end=gte.2026-07-04T16%3A00%3A00.000Z | node,{},[],edge,0,null,[],null
c69ba829-a389-4127-87d1-32cd04780b6d,"""2026-07-07T12:47:41.926Z""",2026-07-07T12:47:41.926000,success,200,GET,,/rest/v1/technician_schedules,GET | 200 | https://vwgtfpksdpzxhvhuwlzl.supabase.co/rest/v1/technician_schedules?select=*&technician_id=in.%28cbb9e281-c8e8-4017-88eb-f1b0f8314fe5%2C8cbe5bed-a13b-414c-8165-7f3af27b6498%2C1b513825-6711-4e9b-83c1-70ce31dc8d8e%2C97511361-aeab-461b-a5b3-fb14dd635fb6%2Cd80795b2-c7f6-43b6-8c76-7290d203f470%2C1e5b3729-f370-4cd1-abdb-027c9ce1b2ae%2Cb9022609-af37-49f0-8dbd-e79d76529c12%2Cfc520802-80c5-4b1a-a4e3-d896ac00e711%2C8602abf0-4f2b-47de-9c5f-3d66c9ef573f%2C05236e37-b729-422f-bd69-521b3a4cf0d7%2Ce635242c-bcdb-4c43-80f2-cb091bc6326a%2C1d80336e-07b3-4a9d-ade9-7c74ea643c72%2Cdb1177f4-d525-4a10-bb5c-88e7d743f602%2C0ac1bd82-ebaf-48ec-a2eb-f14e77d68ca6%2Cd1b28eba-7e72-4c71-9cc4-4abd8ba06deb%2C71bf2f88-f6cc-497d-b839-15bc7651d4a7%2C890a2f4c-e9a6-4e62-b018-e33f55b8636b%2C13b4d457-4ec5-4328-80a3-93671ab025a8%2C4b170c84-cb0e-4854-abf7-637c15741c33%2Ceefec098-be1e-4a25-9462-10a660d7a717%2Cca6d11cc-e440-472d-b201-5e6e139287e2%2Cb1e7ce22-5361-4e52-81ee-9ee77949e0b3%2C2948ea9a-9bde-4994-a048-871400b05e47%2C1cf5... | node,{},[],edge,0,null,[],null
e0fa8c5b-4406-4c51-8faf-229bbbdb54b1,"""2026-07-07T12:47:41.921Z""",2026-07-07T12:47:41.921000,success,200,GET,,/rest/v1/customer_location,GET | 200 | https://vwgtfpksdpzxhvhuwlzl.supabase.co/rest/v1/customer_location?select=customer_id%2Csite_id%2Cbuilding%2Cstreet%2Caddress%2Ccity%2Ccountry_name%2Czip_code%2Caddress_type&customer_id=in.%28ff01a638-40f8-467b-a010-f0acfa7a994f%2Ccfcbbdd4-4056-446e-ab4c-5df148b06e0a%2C0668d3f0-b6bd-4be7-ab77-176a90797c0f%2Cc701f94b-021f-4c3a-b484-0a9ac784aa21%2C8731b1f3-b226-4ff4-86a0-8be19c625f96%2Cc22d5608-e0e3-43b5-9306-e392d4966083%2Ce664d84a-2de2-40ed-97cb-f35a291fd0e2%2C764d2727-0d36-4746-8e0d-456c36e07047%2C3c2a148d-2edc-46ec-aead-1afb8349c27c%2Cb9d38232-7469-412a-94f2-1ac88413a9ba%2C3b069d84-2594-422e-89a2-351efffe116c%2C9fcb475b-bf89-4372-91e8-6635667be8a7%2C5e8ec1ea-2492-4769-86b2-5e63c7518deb%2C6a9515e8-f2c7-490a-9efa-5cb5160474b2%2Cea29b4d4-7b0d-4d08-8eaf-d9e58f7f4ac6%2C630445ca-9447-49aa-8bf3-4dccc4138c6b%2C148f5de3-d84e-4322-9575-acb122c9bdf6%2C1e958724-b274-491f-a275-2d64e5630745%2C52a37e69-0c6e-49b8-9b4b-ba5e4ef27202%2Cc28f574e-f837-4fd1-851c-fbf55802e0fc%2C0f55dcf2-0609-4175-9778-bfec... | node,{},[],edge,0,null,[],null
b84d818f-9085-4e19-892b-50198054b5bb,"""2026-07-07T12:47:41.869Z""",2026-07-07T12:47:41.869000,success,200,GET,,/rest/v1/technicians,GET | 200 | https://vwgtfpksdpzxhvhuwlzl.supabase.co/rest/v1/technicians?select=id%2Cuser_id%2Cfull_name%2Cemail%2Cstatus%2Ccolor%2Cuser%3Ausers%28role%2Cstatus%29&deleted_at=is.null&order=full_name.asc | node,{},[],edge,0,null,[],null
68a9c941-31a8-451e-bb60-ae28e05d6e4e,"""2026-07-07T12:47:41.665Z""",2026-07-07T12:47:41.665000,success,200,POST,,/rest/v1/rpc/dashboard_job_count_in_range,POST | 200 | https://vwgtfpksdpzxhvhuwlzl.supabase.co/rest/v1/rpc/dashboard_job_count_in_range | node,{},[],edge,0,null,[],null
0309ea56-a920-4ec3-9a9a-fd1b0b7acc82,"""2026-07-07T12:47:41.665Z""",2026-07-07T12:47:41.665000,success,200,POST,,/rest/v1/rpc/dashboard_job_count_in_range,POST | 200 | https://vwgtfpksdpzxhvhuwlzl.supabase.co/rest/v1/rpc/dashboard_job_count_in_range | node,{},[],edge,0,null,[],null
39fae568-e1c0-4325-ad0f-f0c71cde6ee0,"""2026-07-07T12:47:41.663Z""",2026-07-07T12:47:41.663000,success,200,POST,,/rest/v1/rpc/dashboard_job_count_in_range,POST | 200 | https://vwgtfpksdpzxhvhuwlzl.supabase.co/rest/v1/rpc/dashboard_job_count_in_range | node,{},[],edge,0,null,[],null
9800f598-b9e8-44a9-85d0-1426eab40c83,"""2026-07-07T12:47:41.663Z""",2026-07-07T12:47:41.663000,success,200,POST,,/rest/v1/rpc/dashboard_job_count_in_range,POST | 200 | https://vwgtfpksdpzxhvhuwlzl.supabase.co/rest/v1/rpc/dashboard_job_count_in_range | node,{},[],edge,0,null,[],null
9175f7fc-ec5b-408b-b565-387d6322e972,"""2026-07-07T12:47:41.633Z""",2026-07-07T12:47:41.633000,success,206,GET,,/rest/v1/sap_lead,GET | 206 | https://vwgtfpksdpzxhvhuwlzl.supabase.co/rest/v1/sap_lead?select=lead_code%2Clead_name%2Clead_address%2Cphone_number%2Cemail&deleted_at=is.null&lead_code=not.ilike.CP%25&order=lead_code.asc&offset=0&limit=100 | node,{},[],edge,0,null,[],null
dcf1f688-8a7a-47c2-8273-6ddd5d925f70,"""2026-07-07T12:47:41.618Z""",2026-07-07T12:47:41.618000,success,200,GET,,/rest/v1/jobs,GET | 200 | https://vwgtfpksdpzxhvhuwlzl.supabase.co/rest/v1/jobs?select=id%2Cstatus%2Cdeleted_at&id=in.%28b4bee8a8-c2c9-4177-82f4-6a23d5aa44cc%2C65e6792c-ba92-4bd9-8cd3-47730ff7b26c%2C806ecfd0-82fc-449e-ba2a-8332cce2bcce%2C340d0117-6c85-4315-bf51-1f847a3b607f%2Caeb51b26-b06d-4e1c-8000-a594d8e77298%2C185bccdc-1229-44fb-b2fd-c5ef685530f7%2Cb7ed8995-f563-4acf-8dce-b5a682d6a409%2C626edab1-4e23-4f1a-8e45-0cf80559808e%2C91b132bc-12dd-4264-a593-7bb4a0598ae3%2Ce455c012-efaa-4afd-b9e8-03cf3758f3e8%2Cb2958fd5-0ca9-444e-8209-e637da6814e5%2Ca5526246-4ae9-4fab-aa4b-3d507952d016%2C4140e5ac-2298-4ca2-b3f7-c327c775bba7%2C313786cb-5412-47fd-bf45-b27e52f2168b%2C77466389-fa26-4746-82f3-f4ab855ff11e%2C2bcae835-a3d3-4f50-a863-2b084f08f0f5%2C206c28f7-5c8e-4e75-9642-6af453c4ce44%2Cb107b845-f7e0-44c1-a406-32e6958a016e%2C73820ca7-fef9-4c39-9fb4-5bf8b29bf402%2C12e11534-396c-42f3-b0ce-738cdd003b79%2Cca0988ca-f6bd-43de-97f1-3e9966e8cc68%2Cf738b7b6-9317-4cf8-b638-7f1fab2b4669%2C9542f20e-612e-4fbe-bbd9-f04f023e3da7%2C61b286b0... | node,{},[],edge,0,null,[],null
4de23545-ba35-4a1f-8a43-3eec679c188b,"""2026-07-07T12:47:41.608Z""",2026-07-07T12:47:41.608000,success,200,GET,,/rest/v1/attendance,GET | 200 | https://vwgtfpksdpzxhvhuwlzl.supabase.co/rest/v1/attendance?select=technician_id%2Cclock_in%2Cclock_out%2Cis_break%2Ctechnician_job_id&technician_id=in.%2871bf2f88-f6cc-497d-b839-15bc7651d4a7%2Cdd3cd507-3584-485b-85bc-286007780ef6%2C383dfafe-9fd1-4edf-9b64-8e24a9f223cd%2Ceefec098-be1e-4a25-9462-10a660d7a717%2C30871c94-5079-4ac6-9d7e-fd7490f24426%2C63c00900-7e09-4aa9-b623-b3f705da1069%2C82c0c462-8ebf-42d5-bef0-5dd7f3ec4efd%2C13281827-7333-460d-8fa5-15de8921dad3%2C1cf54cfc-16a3-4186-8145-acebc6e625b3%2Ccf3fdbe8-4276-4fca-9324-fe5143546a6c%29&order=clock_in.desc&limit=300 | node,{},[],edge,0,null,[],null
e56361b9-e50f-4c8e-be14-de4cbae98926,"""2026-07-07T12:47:41.599Z""",2026-07-07T12:47:41.599000,success,200,GET,,/rest/v1/users,GET | 200 | https://vwgtfpksdpzxhvhuwlzl.supabase.co/rest/v1/users?select=id%2Cusername%2Crole%2Cstatus%2Ccurrent_session_id%2Cupdated_at%2Ctechnicians%28id%2Cfull_name%2Cavatar_url%29&id=eq.eef95622-85da-4437-afde-1d4f20927a5e&deleted_at=is.null | node,{},[],edge,0,null,[],null
849276a0-7246-4d99-b1e2-9c24cfa6fb19,"""2026-07-07T12:47:41.526Z""",2026-07-07T12:47:41.526000,success,200,GET,,/rest/v1/technician_jobs,GET | 200 | https://vwgtfpksdpzxhvhuwlzl.supabase.co/rest/v1/technician_jobs?select=id%2Cjob_id%2Ctechnician_id%2Cassignment_status%2Cdeleted_at%2Ctechnician%3Atechnician_id%28id%2Cfull_name%2Cemail%2Cuser_id%29&job_id=in.%283d768ace-b988-4f8f-b0f0-70b2cf388a43%2Cd1a5e6bf-1811-42a3-bb5b-7451efc31ecc%2C670d0457-7304-4018-b3b8-7706bf3507e5%2Cb9adf2fb-d9b0-495d-8865-7969143c141d%2C255caacd-8a2f-4be8-9904-f917be9a8bb8%2Cc08b8ee5-2c26-431c-98ec-2c920fbdc3da%2Cd8c92b7a-cd09-473c-a8b7-6210fd119458%2C82e099a5-52e3-4e25-ae2f-7d7da81ab348%2C3b413dbd-41fe-4e0a-b6d9-14f46825b19c%2C4b39f7f7-f91c-4b8d-93a0-59a7e4dd7e27%2Ce3142841-163e-4d8a-9a12-5094fb2cee1e%2C569ffa61-1a0d-4d7b-b8bf-05262c1e8d24%2C4e65afa1-c2c2-4eb4-9b39-dac5156ef3b6%2C5df43a42-dd78-4944-9111-a44ec36a855e%2Cccd3d057-71bd-4d43-91ea-f0694b439921%2C02cdc9a8-8994-417c-bce8-8d0134761c35%2C3d0a6786-bb78-4ae7-b111-1a26c9feb307%2Ca15454d9-7f74-4ac6-81b1-d8a4477af00c%2C04277ed1-a16c-4272-b777-aa11476e665e%2C88d93ee7-f087-4d49-b4f9-0966f2e32dec%2C567d951... | node,{},[],edge,0,null,[],null
351191b3-95bd-419c-bc5f-b3ded302270a,"""2026-07-07T12:47:41.524Z""",2026-07-07T12:47:41.524000,success,200,GET,,/rest/v1/followups,GET | 200 | https://vwgtfpksdpzxhvhuwlzl.supabase.co/rest/v1/followups?select=id%2Cjob_id%2Cstatus%2Ctype%2Ccreated_at%2Cdeleted_at&job_id=in.%283d768ace-b988-4f8f-b0f0-70b2cf388a43%2Cd1a5e6bf-1811-42a3-bb5b-7451efc31ecc%2C670d0457-7304-4018-b3b8-7706bf3507e5%2Cb9adf2fb-d9b0-495d-8865-7969143c141d%2C255caacd-8a2f-4be8-9904-f917be9a8bb8%2Cc08b8ee5-2c26-431c-98ec-2c920fbdc3da%2Cd8c92b7a-cd09-473c-a8b7-6210fd119458%2C82e099a5-52e3-4e25-ae2f-7d7da81ab348%2C3b413dbd-41fe-4e0a-b6d9-14f46825b19c%2C4b39f7f7-f91c-4b8d-93a0-59a7e4dd7e27%2Ce3142841-163e-4d8a-9a12-5094fb2cee1e%2C569ffa61-1a0d-4d7b-b8bf-05262c1e8d24%2C4e65afa1-c2c2-4eb4-9b39-dac5156ef3b6%2C5df43a42-dd78-4944-9111-a44ec36a855e%2Cccd3d057-71bd-4d43-91ea-f0694b439921%2C02cdc9a8-8994-417c-bce8-8d0134761c35%2C3d0a6786-bb78-4ae7-b111-1a26c9feb307%2Ca15454d9-7f74-4ac6-81b1-d8a4477af00c%2C04277ed1-a16c-4272-b777-aa11476e665e%2C88d93ee7-f087-4d49-b4f9-0966f2e32dec%2C567d951d-f65e-4221-a0b9-150e4ed8a633%2C1b05baee-8ddc-4de0-b49f-2dae886d5553%2Cd625ac87-... | node,{},[],edge,0,null,[],null
05a535f5-354f-41e3-864e-05412e102b65,"""2026-07-07T12:47:41.523Z""",2026-07-07T12:47:41.523000,success,206,GET,,/rest/v1/customer,GET | 206 | https://vwgtfpksdpzxhvhuwlzl.supabase.co/rest/v1/customer?select=id%2Ccustomer_code%2Ccustomer_name%2Cphone_number%2Cemail%2Ccustomer_address%2Cbill_to_default%2Cship_to_default&deleted_at=is.null&customer_code=not.ilike.CP%25&order=customer_code.asc&offset=0&limit=100 | node,{},[],edge,0,null,[],null
b1a8df02-3499-445b-af57-e38cbdfa6203,"""2026-07-07T12:47:41.507Z""",2026-07-07T12:47:41.507000,success,200,GET,,/rest/v1/technician_jobs,GET | 200 | https://vwgtfpksdpzxhvhuwlzl.supabase.co/rest/v1/technician_jobs?select=technician_id%2Cassignment_status%2Cjob_id%2Cstarted_at&technician_id=in.%2871bf2f88-f6cc-497d-b839-15bc7651d4a7%2Cdd3cd507-3584-485b-85bc-286007780ef6%2C383dfafe-9fd1-4edf-9b64-8e24a9f223cd%2Ceefec098-be1e-4a25-9462-10a660d7a717%2C30871c94-5079-4ac6-9d7e-fd7490f24426%2C63c00900-7e09-4aa9-b623-b3f705da1069%2C82c0c462-8ebf-42d5-bef0-5dd7f3ec4efd%2C13281827-7333-460d-8fa5-15de8921dad3%2C1cf54cfc-16a3-4186-8145-acebc6e625b3%2Ccf3fdbe8-4276-4fca-9324-fe5143546a6c%29&deleted_at=is.null | node,{},[],edge,0,null,[],null
316cdb29-e3c6-41d9-8b20-262dc1acd72e,"""2026-07-07T12:47:41.507Z""",2026-07-07T12:47:41.507000,success,200,GET,,/rest/v1/attendance,GET | 200 | https://vwgtfpksdpzxhvhuwlzl.supabase.co/rest/v1/attendance?select=technician_id%2Cclock_in%2Cclock_out%2Cis_break%2Ctechnician_job_id&technician_id=in.%2871bf2f88-f6cc-497d-b839-15bc7651d4a7%2Cdd3cd507-3584-485b-85bc-286007780ef6%2C383dfafe-9fd1-4edf-9b64-8e24a9f223cd%2Ceefec098-be1e-4a25-9462-10a660d7a717%2C30871c94-5079-4ac6-9d7e-fd7490f24426%2C63c00900-7e09-4aa9-b623-b3f705da1069%2C82c0c462-8ebf-42d5-bef0-5dd7f3ec4efd%2C13281827-7333-460d-8fa5-15de8921dad3%2C1cf54cfc-16a3-4186-8145-acebc6e625b3%2Ccf3fdbe8-4276-4fca-9324-fe5143546a6c%29&clock_out=is.null | node,{},[],edge,0,null,[],null
0dee540f-5f14-4ce4-91d2-29269e8a509a,"""2026-07-07T12:47:41.472Z""",2026-07-07T12:47:41.472000,success,200,GET,,/rest/v1/users,GET | 200 | https://vwgtfpksdpzxhvhuwlzl.supabase.co/rest/v1/users?select=id%2Cusername%2Crole%2Cstatus%2Ccurrent_session_id%2Cupdated_at%2Ctechnicians%28id%2Cfull_name%2Cavatar_url%29&id=eq.eef95622-85da-4437-afde-1d4f20927a5e&deleted_at=is.null | node,{},[],edge,0,null,[],null
6af8d163-a2e9-48ed-88d9-45ba2b796b41,"""2026-07-07T12:47:41.417Z""",2026-07-07T12:47:41.417000,success,200,GET,,/rest/v1/technicians,GET | 200 | https://vwgtfpksdpzxhvhuwlzl.supabase.co/rest/v1/technicians?select=id%2Cuser_id&user_id=in.%280ac66318-0209-47d2-9927-ea690c2e679b%2C46cf0b98-2485-48cc-9681-0132b408edf0%2C578a2924-25ff-4d00-9dde-7bd362b7105c%2C5083d4da-2532-44a4-adb6-f564577f1510%2Cbdeb61b4-a5a2-477c-989b-35fb0d6b33dd%2C3b698051-0838-4c76-b2a9-0431a6335394%2Ca1ab042a-f140-485c-b359-5e03e80b2af9%2Ceef95622-85da-4437-afde-1d4f20927a5e%2C6703d004-269c-4b4a-b047-48f430fc22cb%2Cd2a190ea-84cc-40df-b857-e171ca9740fc%29 | node,{},[],edge,0,null,[],null
1b0dd040-5148-45f5-8d57-d8a238dfc1b3,"""2026-07-07T12:47:41.373Z""",2026-07-07T12:47:41.373000,success,206,GET,,/rest/v1/jobs,GET | 206 | https://vwgtfpksdpzxhvhuwlzl.supabase.co/rest/v1/jobs?select=id%2Cjob_number%2Ctitle%2Cstatus%2Cpriority%2Ccreated_at%2Cupdated_at%2Cscheduled_start%2Cscheduled_end%2Cdescription%2Ccustomer_id%2Clocation_id%2Ccustomer%3Acustomer_id%28id%2Ccustomer_name%2Ccustomer_code%29%2Clocation%3Alocation_id%28id%2Clocation_name%29&deleted_at=is.null&scheduled_start=gte.2026-07-01T00%3A00%3A00&order=created_at.desc&offset=0&limit=25 | node,{},[],edge,0,null,[],null
b25bfb10-33b1-4261-a088-11e8e9116ec6,"""2026-07-07T12:47:40.835Z""",2026-07-07T12:47:40.835000,success,200,GET,,/rest/v1/settings,GET | 200 | https://vwgtfpksdpzxhvhuwlzl.supabase.co/rest/v1/settings?select=id%2Cvalue%2Cupdated_at&id=in.%28followUp%2CjobStatuses%29 | node,{},[],edge,0,null,[],null
46b07251-8271-4ca8-af60-561d23fc8095,"""2026-07-07T12:47:40.834Z""",2026-07-07T12:47:40.834000,success,200,GET,,/rest/v1/company_details,GET | 200 | https://vwgtfpksdpzxhvhuwlzl.supabase.co/rest/v1/company_details?select=id%2Clogo%2Cname%2Caddress%2Cemail%2Cphone%2Cwebsite%2Cpay_to%2Cbank_name%2Caccount_no%2Cpaynow%2Cpayment_instruction&id=eq.companyInfo | node,{},[],edge,0,null,[],null
c5ddcdd1-0148-4f63-9ab7-735af0a748c9,"""2026-07-07T12:47:40.784Z""",2026-07-07T12:47:40.784000,success,200,GET,,/rest/v1/technician_schedules,GET | 200 | https://vwgtfpksdpzxhvhuwlzl.supabase.co/rest/v1/technician_schedules?select=*&technician_id=in.%28cbb9e281-c8e8-4017-88eb-f1b0f8314fe5%2C8cbe5bed-a13b-414c-8165-7f3af27b6498%2C1b513825-6711-4e9b-83c1-70ce31dc8d8e%2C97511361-aeab-461b-a5b3-fb14dd635fb6%2Cd80795b2-c7f6-43b6-8c76-7290d203f470%2C1e5b3729-f370-4cd1-abdb-027c9ce1b2ae%2Cb9022609-af37-49f0-8dbd-e79d76529c12%2Cfc520802-80c5-4b1a-a4e3-d896ac00e711%2C8602abf0-4f2b-47de-9c5f-3d66c9ef573f%2C05236e37-b729-422f-bd69-521b3a4cf0d7%2Ce635242c-bcdb-4c43-80f2-cb091bc6326a%2C1d80336e-07b3-4a9d-ade9-7c74ea643c72%2Cdb1177f4-d525-4a10-bb5c-88e7d743f602%2C0ac1bd82-ebaf-48ec-a2eb-f14e77d68ca6%2Cd1b28eba-7e72-4c71-9cc4-4abd8ba06deb%2C71bf2f88-f6cc-497d-b839-15bc7651d4a7%2C890a2f4c-e9a6-4e62-b018-e33f55b8636b%2C13b4d457-4ec5-4328-80a3-93671ab025a8%2C4b170c84-cb0e-4854-abf7-637c15741c33%2Ceefec098-be1e-4a25-9462-10a660d7a717%2Cca6d11cc-e440-472d-b201-5e6e139287e2%2Cb1e7ce22-5361-4e52-81ee-9ee77949e0b3%2C2948ea9a-9bde-4994-a048-871400b05e47%2C1cf5... | node,{},[],edge,0,null,[],null
0394dd4f-8751-4431-828f-0ea8a50ce9b3,"""2026-07-07T12:47:40.759Z""",2026-07-07T12:47:40.759000,success,200,GET,,/rest/v1/settings,GET | 200 | https://vwgtfpksdpzxhvhuwlzl.supabase.co/rest/v1/settings?select=value&id=eq.jobStatuses | node,{},[],edge,0,null,[],null
9dd5bcf6-d095-498e-8dc9-8128f6cd71e0,"""2026-07-07T12:47:40.709Z""",2026-07-07T12:47:40.709000,success,206,GET,,/rest/v1/users,GET | 206 | https://vwgtfpksdpzxhvhuwlzl.supabase.co/rest/v1/users?select=id%2Cusername%2Crole%2Cstatus%2Cis_logged_in%2Ccreated_at%2Cupdated_at%2Ctechnicians%28id%2Cfull_name%2Cemail%2Cphone_number%2Csecondary_phone%2Cavatar_url%2Cstreet_address%2Cstate_province%2Czip_code%2Cskills%2Cnric_fin_work_permit_number%2Cis_online%2Cuser_id%2Cdeleted_at%29&deleted_at=is.null&order=created_at.desc&offset=0&limit=10 | node,{},[],edge,0,null,[],null
c0d50e4a-0245-4da2-afce-c590457821f8,"""2026-07-07T12:47:40.627Z""",2026-07-07T12:47:40.627000,success,200,GET,,/rest/v1/technicians,GET | 200 | https://vwgtfpksdpzxhvhuwlzl.supabase.co/rest/v1/technicians?select=id%2Cuser_id%2Cfull_name%2Cemail%2Cstatus%2Ccolor%2Cuser%3Ausers%28role%2Cstatus%29&deleted_at=is.null&order=full_name.asc | node,{},[],edge,0,null,[],null
6c1bacf4-29b4-45d5-8688-c5e2f8f66cc0,"""2026-07-07T12:47:39.757Z""",2026-07-07T12:47:39.757000,success,200,GET,,/rest/v1/technician_jobs,GET | 200 | https://vwgtfpksdpzxhvhuwlzl.supabase.co/rest/v1/technician_jobs?select=job_id%2Ctechnician_id%2Ctechnician%3Atechnician_id%28id%2Cfull_name%2Cemail%29&job_id=in.%286033ec73-1730-456b-a302-1d2b728047bc%2C8f3b4ccf-68e8-4ec0-87a4-7c6d4334911b%2C81d8d20c-4a52-41b3-a064-436b43719fa8%2C8af30723-ad71-43ef-b2ac-900b0ccd9850%2Cb39ee841-5e8b-4b79-9ac0-49fd8d936aaf%2C0f6cce5d-c730-4969-98f8-bd2fa71f424a%2C6f51b167-a634-4bc5-805c-47fc9fd6e906%2Cf080d2df-5bac-48c1-9d4a-ab1903965537%2C59be2622-5730-43c0-b8ed-8457bf7e8849%29&deleted_at=is.null | node,{},[],edge,0,null,[],null
b383e5e0-203b-48a0-af34-b0f2899e490e,"""2026-07-07T12:47:39.705Z""",2026-07-07T12:47:39.705000,success,200,POST,,/rest/v1/rpc/dashboard_job_status_counts,POST | 200 | https://vwgtfpksdpzxhvhuwlzl.supabase.co/rest/v1/rpc/dashboard_job_status_counts | node,{},[],edge,0,null,[],null
c87e4ca8-5e9a-4c4f-98b6-a5c81f267682,"""2026-07-07T12:47:39.701Z""",2026-07-07T12:47:39.701000,success,200,POST,,/rest/v1/rpc/dashboard_followup_status_counts,POST | 200 | https://vwgtfpksdpzxhvhuwlzl.supabase.co/rest/v1/rpc/dashboard_followup_status_counts | node,{},[],edge,0,null,[],null
1926f2e3-4ce8-41ce-8c79-e5b7ab2ec0b5,"""2026-07-07T12:47:39.691Z""",2026-07-07T12:47:39.691000,success,200,GET,,/rest/v1/jobs,GET | 200 | https://vwgtfpksdpzxhvhuwlzl.supabase.co/rest/v1/jobs?select=id%2Cstatus%2Ccreated_at%2Cscheduled_end%2Cpriority%2Ccustomer_id%2Ctechnician_jobs%28technician_id%2Cassignment_status%2Cdeleted_at%29&deleted_at=is.null&order=created_at.desc&offset=0&limit=2000&created_at=gte.2025-12-31T16%3A00%3A00.000Z | node,{},[],edge,0,null,[],null
3727ca0c-0e9c-4b4b-a3e6-fb2d5cf78be0,"""2026-07-07T12:47:39.690Z""",2026-07-07T12:47:39.690000,success,00000,,,,"connection authorized: user=authenticator database=postgres application_name=PostgREST 14.5 SSL enabled (protocol=TLSv1.3, cipher=TLS_AES_256_GCM_SHA384, bits=256)",{},[],postgres,0,null,[],null
a291be91-73ca-422d-914b-b6e98bf7b527,"""2026-07-07T12:47:39.659Z""",2026-07-07T12:47:39.659000,success,00000,,,,"connection authorized: user=authenticator database=postgres application_name=PostgREST 14.5 SSL enabled (protocol=TLSv1.3, cipher=TLS_AES_256_GCM_SHA384, bits=256)",{},[],postgres,0,null,[],null
0d65fd2f-4c7e-4692-8fb7-302f336683e5,"""2026-07-07T12:47:39.646Z""",2026-07-07T12:47:39.646000,success,00000,,,,"connection authorized: user=authenticator database=postgres application_name=PostgREST 14.5 SSL enabled (protocol=TLSv1.3, cipher=TLS_AES_256_GCM_SHA384, bits=256)",{},[],postgres,0,null,[],null
716cb56b-c49f-4972-96c7-928277ff6e35,"""2026-07-07T12:47:39.619Z""",2026-07-07T12:47:39.619000,success,200,GET,,/rest/v1/users,GET | 200 | https://vwgtfpksdpzxhvhuwlzl.supabase.co/rest/v1/users?select=id%2Cusername%2Crole%2Cstatus%2Ccurrent_session_id%2Cupdated_at%2Ctechnicians%28id%2Cfull_name%2Cavatar_url%29&id=eq.eef95622-85da-4437-afde-1d4f20927a5e&deleted_at=is.null | node,{},[],edge,0,null,[],null
3be94554-edec-4fca-baae-aa86db0ff8d9,"""2026-07-07T12:47:39.550Z""",2026-07-07T12:47:39.550000,success,200,GET,,/rest/v1/notifications,GET | 200 | https://vwgtfpksdpzxhvhuwlzl.supabase.co/rest/v1/notifications?select=id%2Ctype%2Ctitle%2Cmessage%2Cread%2Ccreated_at%2Cworker_id%2Caction_href&or=%28worker_id.eq.eef95622-85da-4437-afde-1d4f20927a5e%2Cworker_id.eq.13281827-7333-460d-8fa5-15de8921dad3%2Cworker_id.is.null%29&hidden=eq.false&order=created_at.desc&offset=0&limit=20 | node,{},[],edge,0,null,[],null
74081779-01ee-4a48-bad9-9a939a92655e,"""2026-07-07T12:47:39.540Z""",2026-07-07T12:47:39.540000,success,200,GET,,/rest/v1/users,GET | 200 | https://vwgtfpksdpzxhvhuwlzl.supabase.co/rest/v1/users?select=id%2Cusername%2Crole%2Cstatus%2Ccurrent_session_id%2Cupdated_at%2Ctechnicians%28id%2Cfull_name%2Cavatar_url%29&id=eq.eef95622-85da-4437-afde-1d4f20927a5e&deleted_at=is.null | node,{},[],edge,0,null,[],null
118a0223-eece-48ec-8fe4-55d4357b791c,"""2026-07-07T12:47:39.534Z""",2026-07-07T12:47:39.534000,success,200,GET,,/rest/v1/company_memos,GET | 200 | https://vwgtfpksdpzxhvhuwlzl.supabase.co/rest/v1/company_memos?select=id%2Csubject%2Cbody%2Cpriority%2Cexpires_at%2Cshow_in_header%2Ccreated_at%2Ccreated_by%2Ccreator%3Ausers%21company_memos_created_by_fkey%28username%2Ctechnicians%28full_name%29%29&show_in_header=eq.true&deleted_at=is.null | node,{},[],edge,0,null,[],null
23621ce7-90e8-4530-a10f-8cd0c2adcf5d,"""2026-07-07T12:47:39.529Z""",2026-07-07T12:47:39.529000,success,200,GET,,/rest/v1/followups,GET | 200 | https://vwgtfpksdpzxhvhuwlzl.supabase.co/rest/v1/followups?select=id%2Cjob_id%2Cuser_id%2Ctechnician_id%2Cstatus_updated_by%2Cstatus_updated_by_account%2Ctype%2Cstatus%2Cpriority%2Cnotes%2Cdue_date%2Ccreated_at%2Cupdated_at%2Cjob%3Ajobs%21inner%28id%2Cjob_number%2Ctitle%2Cdescription%2Ccustomer_id%2Ccustomer%3Acustomer_id%28id%2Ccustomer_name%2Ccustomer_code%29%29%2Cuser%3Auser_id%28id%2Cusername%29%2Ctechnician%3Atechnician_id%28id%2Cfull_name%2Cemail%2Cstatus%29&or=%28status.ilike.LOGGED%2Cstatus.ilike.IN_PROGRESS%2Cstatus.ilike.OPEN%2Cstatus.ilike.PENDING%29&order=created_at.desc&limit=10&deleted_at=is.null&job.deleted_at=is.null | node,{},[],edge,0,null,[],null
949430f7-7f6f-4832-92bd-e7e679be40c5,"""2026-07-07T12:47:39.523Z""",2026-07-07T12:47:39.523000,success,200,HEAD,,/rest/v1/followups,HEAD | 200 | https://vwgtfpksdpzxhvhuwlzl.supabase.co/rest/v1/followups?select=id%2Cjob%3Ajobs%21inner%28deleted_at%29&or=%28status.ilike.LOGGED%2Cstatus.ilike.IN_PROGRESS%2Cstatus.ilike.OPEN%2Cstatus.ilike.PENDING%29&due_date=not.is.null&due_date=lt.2026-07-07T12%3A47%3A39.421Z&deleted_at=is.null&job.deleted_at=is.null | node,{},[],edge,0,null,[],null
f43fc9a7-3f15-4d4c-8e10-4f4da55d9651,"""2026-07-07T12:47:39.517Z""",2026-07-07T12:47:39.517000,success,200,HEAD,,/rest/v1/followups,HEAD | 200 | https://vwgtfpksdpzxhvhuwlzl.supabase.co/rest/v1/followups?select=id%2Cjob%3Ajobs%21inner%28deleted_at%29&or=%28status.ilike.LOGGED%2Cstatus.ilike.IN_PROGRESS%2Cstatus.ilike.OPEN%2Cstatus.ilike.PENDING%29&deleted_at=is.null&job.deleted_at=is.null | node,{},[],edge,0,null,[],null
6eebdd35-91e7-4d33-bfb3-97cab165c207,"""2026-07-07T12:47:39.474Z""",2026-07-07T12:47:39.474000,success,00000,,,,"connection authorized: user=authenticator database=postgres application_name=PostgREST 14.5 SSL enabled (protocol=TLSv1.3, cipher=TLS_AES_256_GCM_SHA384, bits=256)",{},[],postgres,0,null,[],null
63aa78c2-a584-4dce-8631-4a3c0da8896a,"""2026-07-07T12:47:39.474Z""",2026-07-07T12:47:39.474000,success,00000,,,,"connection authorized: user=authenticator database=postgres application_name=PostgREST 14.5 SSL enabled (protocol=TLSv1.3, cipher=TLS_AES_256_GCM_SHA384, bits=256)",{},[],postgres,0,null,[],null
ae2fcdcf-2499-4a3e-ae94-9268e09efb65,"""2026-07-07T12:47:39.368Z""",2026-07-07T12:47:39.368000,success,200,GET,,/rest/v1/users,GET | 200 | https://vwgtfpksdpzxhvhuwlzl.supabase.co/rest/v1/users?select=id%2Cusername%2Crole%2Cstatus%2Ccurrent_session_id%2Cupdated_at%2Ctechnicians%28id%2Cfull_name%2Cavatar_url%29&id=eq.eef95622-85da-4437-afde-1d4f20927a5e&deleted_at=is.null | node,{},[],edge,0,null,[],null
4a3c0929-2090-4ff6-aa2b-9240eed311c5,"""2026-07-07T12:47:39.219Z""",2026-07-07T12:47:39.219000,success,200,GET,,/rest/v1/company_details,"GET | 200 | https://vwgtfpksdpzxhvhuwlzl.supabase.co/rest/v1/company_details?select=name&id=eq.companyInfo | Mozilla/5.0 (Windows NT 10.0; Win64; x64) AppleWebKit/537.36 (KHTML, like Gecko) Chrome/149.0.0.0 Safari/537.36",{},[],edge,0,null,[],null
befaac95-0095-4e3e-9825-45a869395749,"""2026-07-07T12:47:39.218Z""",2026-07-07T12:47:39.218000,success,200,GET,,/rest/v1/users,"GET | 200 | https://vwgtfpksdpzxhvhuwlzl.supabase.co/rest/v1/users?select=id%2Cusername%2Crole%2Cstatus%2Ccurrent_session_id%2Cupdated_at%2Ctechnicians%28id%2Cfull_name%2Cavatar_url%29&id=eq.13281827-7333-460d-8fa5-15de8921dad3&deleted_at=is.null | Mozilla/5.0 (Windows NT 10.0; Win64; x64) AppleWebKit/537.36 (KHTML, like Gecko) Chrome/149.0.0.0 Safari/537.36",{},[],edge,0,null,[],null
25ab314a-3ff9-4b77-9a42-42d106d071d6,"""2026-07-07T12:47:39.101Z""",2026-07-07T12:47:39.101000,success,101,GET,,/realtime/v1/websocket,"GET | 101 | https://vwgtfpksdpzxhvhuwlzl.supabase.co/realtime/v1/websocket?apikey=REDACTED&eventsPerSecond=10&vsn=2.0.0 | Mozilla/5.0 (Windows NT 10.0; Win64; x64) AppleWebKit/537.36 (KHTML, like Gecko) Chrome/149.0.0.0 Safari/537.36",{},[],edge,0,null,[],null
2d6b9a53-e391-4624-910c-6bbd1eb415f6,"""2026-07-07T12:47:37.568Z""",2026-07-07T12:47:37.568000,success,00000,,,,"connection authenticated: identity=""postgres"" method=scram-sha-256 (/etc/postgresql/pg_hba_public.conf:3)",{},[],postgres,0,null,[],null
cb46c3ee-9584-465f-8db9-85da5a52711e,"""2026-07-07T12:47:37.563Z""",2026-07-07T12:47:37.563000,success,00000,,,,"connection authenticated: identity=""postgres"" method=scram-sha-256 (/etc/postgresql/pg_hba_public.conf:3)",{},[],postgres,0,null,[],null